Question,CoT,Response
Why is it risky to pick Techies as a first pick in ranked games?,"In Dota 2, Techies is a situational hero whose impact heavily depends on the enemy team composition and playstyle. First-picking Techies exposes your strategy too early, allowing opponents to counter him with heroes who can reveal mines or end the game early.","Picking Techies early can backfire as it reveals your strategy too soon, allowing the enemy team to pick counters and limit Techies' effectiveness."
"What does ""GG go next"" usually imply in a Dota 2 match?","This phrase often emerges when players believe the current game is lost. ""GG"" stands for ""good game"" and ""go next"" implies quitting and focusing on the next match. It's often used sarcastically or to express frustration.",It means the players think the game is unwinnable and are ready to give up and move on to the next match.
How does itemization change for a support Lion when facing illusion-based heroes like Phantom Lancer?,Illusion-based heroes require AoE control and mana sustainability. Lion can adapt by prioritizing Aghanim’s Shard for AoE hex and items like Aether Lens or Ghost Scepter to survive. These choices help control illusions and keep Lion alive.,"Lion should buy Aghanim’s Shard, Aether Lens, and survivability items to handle illusions and maintain crowd control."
What does it mean when someone says “our offlane is feeding” in Dota 2?,"In Dota 2, ""feeding"" means dying repeatedly, often giving the enemy gold and experience. The offlane is the harder lane for the Dire or Radiant offlaner. If someone says this, it suggests their offlaner is dying too often and giving the enemy an advantage.","It means the offlane player is dying frequently, giving the enemy team a lead."
Why is “power spike” important in decision-making during a match?,"A power spike refers to a moment when a hero becomes significantly stronger, usually due to an item or level. Teams should plan fights around these moments to maximize advantage. Recognizing them allows for optimal timing in engagements.","It marks the moment a hero is strongest, guiding timing for fights or objectives to gain an advantage."
How should you respond when your carry says “I need space”?,"“I need space” means the carry needs time to farm and grow stronger. You should avoid taking farm from them, draw enemy attention elsewhere, and ward to create safe zones. This supports their growth until they’re ready to fight.","Create distractions, ward, and avoid contesting farm to let your carry farm safely."
What does “ratting” mean in Dota 2 and when is it effective?,Ratting involves split-pushing lanes and avoiding teamfights to slowly destroy enemy structures. It’s effective when direct fights are disadvantageous and the enemy team is distracted or has poor base defense. Heroes like Nature’s Prophet excel at it.,"Ratting is split-pushing to win by base damage rather than fighting, useful when teamfights are not winnable."
Why is buying back during a Roshan fight often game-changing?,"The Roshan pit is a high-stakes objective. Buying back and teleporting in can swing the fight by surprising the enemy with numbers, contesting Aegis, or killing Roshan. Timing and map awareness are key to making it effective.","It allows your team to rejoin and contest Roshan, often deciding the outcome of the game."
What does “throwing” mean in Dota 2 and how can it be prevented?,"Throwing refers to making bad decisions after having a lead, such as diving without vision or overextending. Preventing it involves playing with discipline, using vision, and avoiding risky fights when ahead.","Throwing means losing a lead due to bad decisions; it can be prevented with disciplined, objective-focused play."
Why is “high ground advantage” significant in Dota 2?,"In Dota 2, units on high ground have better vision and miss chance advantages over those on low ground. This can influence positioning during fights or sieges. Controlling high ground is a key strategic goal, especially around objectives.","It means having superior position on elevated terrain, giving vision and miss chance benefits, crucial for winning fights or defending."
Why is it dangerous to dive tier 3 towers without creeps?,"Tier 3 towers are stronger and often defended. Diving without creeps causes the tower to target heroes, and backdoor protection may still be active. This can lead to heavy losses if the enemy team counter-initiates.","It activates tower aggression on heroes and risks backdoor protection, making it easy for enemies to punish the dive."
What does “timing smoke” mean in Dota 2 and how is it executed well?,"Timing a smoke involves coordinating a team gank using Smoke of Deceit when key enemy wards are likely down or when you have a power spike. Success depends on synchronized movement, map awareness, and catching enemies off-guard.",It means using Smoke of Deceit strategically—often after a power spike or enemy mistake—to initiate surprise ganks or objectives.
What does “AFK farming” imply and when is it a problem?,"AFK farming describes a player who ignores fights or objectives to farm safely, usually in the jungle. While sometimes necessary, it becomes a problem if the team loses map control or gets outnumbered in fights.","It means passively farming without helping the team, which is harmful if it results in lost fights or objectives."
Why do players spam “?” in all chat after a failed enemy play?,"Spamming “?” is a sarcastic or mocking gesture, typically after an enemy misplays. It’s meant to tilt opponents or ridicule their decision, although it’s considered toxic behavior.","It’s used to mock an opponent’s poor play or mistake, often to provoke or tilt them."
What does “BKB timing” mean and why do players emphasize it?,BKB (Black King Bar) gives spell immunity. “BKB timing” refers to the window where a player has just acquired BKB and can fight effectively. Wasting it or using it too early reduces this impact. Teams should coordinate around this timing.,"It refers to the moment when a hero first gets BKB, which is crucial for initiating fights safely and effectively."
What does “feeding couriers” imply in Dota 2 and how can it impact the game?,"Feeding couriers means letting enemy players kill your courier due to careless movement. It gives gold to the enemy and delays item delivery. In early game, it can heavily slow momentum and laning success.","It means losing couriers due to poor control, which delays item delivery and gives the enemy gold, potentially shifting momentum."
Why is “observer warding the triangle” critical in mid-to-late game?,"The triangle is a safe farm area with ancients, often used by carries. Warding it gives vision over enemy farm patterns and setup points for ganks or Roshan. Controlling this area helps restrict enemy farm and plan ambushes.","It reveals enemy farming patterns and sets up ganks, making it vital for map control and objectives."
What does “he has no buyback” imply and why is it a call to push?,"Buyback lets a hero respawn instantly. If someone has no buyback, the enemy is at a temporary numbers disadvantage. Teams push objectives hard in this window to maximize the impact of that absence.","It means a key enemy can’t respawn, giving your team a window to push safely and possibly end the game."
How do you interpret “our draft got outscaled” in post-game chat?,"“Outscaled” means the enemy heroes perform better in the late game compared to your lineup. If your team had an early-game advantage but couldn’t end the game, the late-game power of enemy heroes overwhelmed you.","It means the enemy team had stronger late-game heroes, and your team couldn’t win before they peaked in strength."
